001,001,aguascalientes
001,002,asientos
001,003,calvillo
001,004,cosio
001,005,jesus maria
001,006,pabellon de arteaga
001,007,rincon de romos
001,008,san jose de gracia
001,009,tepezala
001,010,el llano
001,011,san francisco de los romo
002,001,ensenada
002,002,mexicali
002,003,tecate
002,004,tijuana
002,005,playas de rosarito
002,006,san quintin
003,001,comondu
003,002,mulege
003,003,la paz
003,008,los cabos
003,009,loreto
004,001,calkini
004,002,campeche
004,003,carmen
004,004,champoton
004,005,hecelchakan
004,006,hopelchen
004,007,palizada
004,008,tenabo
004,009,escarcega
004,010,calakmul
004,011,candelaria
004,012,seybaplaya
004,013,dzitbalche
005,001,abasolo
005,002,acuña
005,003,allende
005,004,arteaga
005,005,candela
005,006,castaños
005,007,cuatro cienegas
005,008,escobedo
005,009,francisco i. madero
005,010,frontera
005,011,general cepeda
005,012,guerrero
005,013,hidalgo
005,014,jimenez
005,015,juarez
005,016,lamadrid
005,017,matamoros
005,018,monclova
005,019,morelos
005,020,muzquiz
005,021,nadadores
005,022,nava
005,023,ocampo
005,024,parras
005,025,piedras negras
005,026,progreso
005,027,ramos arizpe
005,028,sabinas
005,029,sacramento
005,030,saltillo
005,031,san buenaventura
005,032,san juan de sabinas
005,033,san pedro
005,034,sierra mojada
005,035,torreon
005,036,viesca
005,037,villa union
005,038,zaragoza
006,001,armeria
006,002,colima
006,003,comala
006,004,coquimatlan
006,005,cuauhtemoc
006,006,ixtlahuacan
006,007,manzanillo
006,008,minatitlan
006,009,tecoman
006,010,villa de alvarez
007,001,acacoyagua
007,002,acala
007,003,acapetahua
007,004,altamirano
007,005,amatan
007,006,amatenango de la frontera
007,007,amatenango del valle
007,008,angel albino corzo
007,009,arriaga
007,010,bejucal de ocampo
007,011,bella vista
007,012,berriozabal
007,013,bochil
007,014,el bosque
007,015,cacahoatan
007,016,catazaja
007,017,cintalapa
007,018,coapilla
007,019,comitan de dominguez
007,020,la concordia
007,021,copainala
007,022,chalchihuitan
007,023,chamula
007,024,chanal
007,025,chapultenango
007,026,chenalho
007,027,chiapa de corzo
007,028,chiapilla
007,029,chicoasen
007,030,chicomuselo
007,031,chilon
007,032,escuintla
007,033,francisco leon
007,034,frontera comalapa
007,035,frontera hidalgo
007,036,la grandeza
007,037,huehuetan
007,038,huixtan
007,039,huitiupan
007,040,huixtla
007,041,la independencia
007,042,ixhuatan
007,043,ixtacomitan
007,044,ixtapa
007,045,ixtapangajoya
007,046,jiquipilas
007,047,jitotol
007,048,juarez
007,049,larrainzar
007,050,la libertad
007,051,mapastepec
007,052,las margaritas
007,053,mazapa de madero
007,054,mazatan
007,055,metapa
007,056,mitontic
007,057,motozintla
007,058,nicolas ruiz
007,059,ocosingo
007,060,ocotepec
007,061,ocozocoautla de espinosa
007,062,ostuacan
007,063,osumacinta
007,064,oxchuc
007,065,palenque
007,066,pantelho
007,067,pantepec
007,068,pichucalco
007,069,pijijiapan
007,070,el porvenir
007,071,villa comaltitlan
007,072,pueblo nuevo solistahuacan
007,073,rayon
007,074,reforma
007,075,las rosas
007,076,sabanilla
007,077,salto de agua
007,078,san cristobal de las casas
007,079,san fernando
007,080,siltepec
007,081,simojovel
007,082,sitala
007,083,socoltenango
007,084,solosuchiapa
007,085,soyalo
007,086,suchiapa
007,087,suchiate
007,088,sunuapa
007,089,tapachula
007,090,tapalapa
007,091,tapilula
007,092,tecpatan
007,093,tenejapa
007,094,teopisca
007,096,tila
007,097,tonala
007,098,totolapa
007,099,la trinitaria
007,100,tumbala
007,101,tuxtla gutierrez
007,102,tuxtla chico
007,103,tuzantan
007,104,tzimol
007,105,union juarez
007,106,venustiano carranza
007,107,villa corzo
007,108,villaflores
007,109,yajalon
007,110,san lucas
007,111,zinacantan
007,112,san juan cancuc
007,113,aldama
007,114,benemerito de las americas
007,115,maravilla tenejapa
007,116,marques de comillas
007,117,montecristo de guerrero
007,118,san andres duraznal
007,119,santiago el pinar
007,120,capitan luis angel vidal
007,121,rincon chamula san pedro
007,122,el parral
007,123,emiliano zapata
007,124,mezcalapa
007,125,honduras de la sierra
008,001,ahumada
008,002,aldama
008,003,allende
008,004,aquiles serdan
008,005,ascension
008,006,bachiniva
008,007,balleza
008,008,batopilas de manuel gomez morin
008,009,bocoyna
008,010,buenaventura
008,011,camargo
008,012,carichi
008,013,casas grandes
008,014,coronado
008,015,coyame del sotol
008,016,la cruz
008,017,cuauhtemoc
008,018,cusihuiriachi
008,019,chihuahua
008,020,chinipas
008,021,delicias
008,022,dr. belisario dominguez
008,023,galeana
008,024,santa isabel
008,025,gomez farias
008,026,gran morelos
008,027,guachochi
008,028,guadalupe
008,029,guadalupe y calvo
008,030,guazapares
008,031,guerrero
008,032,hidalgo del parral
008,033,huejotitan
008,034,ignacio zaragoza
008,035,janos
008,036,jimenez
008,037,juarez
008,038,julimes
008,039,lopez
008,040,madera
008,041,maguarichi
008,042,manuel benavides
008,043,matachi
008,044,matamoros
008,045,meoqui
008,046,morelos
008,047,moris
008,048,namiquipa
008,049,nonoava
008,050,nuevo casas grandes
008,051,ocampo
008,052,ojinaga
008,053,praxedis g. guerrero
008,054,riva palacio
008,055,rosales
008,056,rosario
008,057,san francisco de borja
008,058,san francisco de conchos
008,059,san francisco del oro
008,060,santa barbara
008,061,satevo
008,062,saucillo
008,063,temosachic
008,064,el tule
008,065,urique
008,066,uruachi
008,067,valle de zaragoza
009,002,azcapotzalco
009,003,coyoacan
009,004,cuajimalpa de morelos
009,005,gustavo a. madero
009,006,iztacalco
009,007,iztapalapa
009,008,la magdalena contreras
009,009,milpa alta
009,010,alvaro obregon
009,011,tlahuac
009,012,tlalpan
009,013,xochimilco
009,014,benito juarez
009,015,cuauhtemoc
009,016,miguel hidalgo
009,017,venustiano carranza
010,001,canatlan
010,002,canelas
010,003,coneto de comonfort
010,004,cuencame
010,005,durango
010,006,general simon bolivar
010,007,gomez palacio
010,008,guadalupe victoria
010,009,guanacevi
010,010,hidalgo
010,011,inde
010,012,lerdo
010,013,mapimi
010,014,mezquital
010,015,nazas
010,016,nombre de dios
010,017,ocampo
010,018,el oro
010,019,otaez
010,020,panuco de coronado
010,021,peñon blanco
010,022,poanas
010,023,pueblo nuevo
010,024,rodeo
010,025,san bernardo
010,026,san dimas
010,027,san juan de guadalupe
010,028,san juan del rio
010,029,san luis del cordero
010,030,san pedro del gallo
010,031,santa clara
010,032,santiago papasquiaro
010,033,suchil
010,034,tamazula
010,035,tepehuanes
010,036,tlahualilo
010,037,topia
010,038,vicente guerrero
010,039,nuevo ideal
011,001,abasolo
011,002,acambaro
011,003,san miguel de allende
011,004,apaseo el alto
011,005,apaseo el grande
011,006,atarjea
011,007,celaya
011,008,manuel doblado
011,009,comonfort
011,010,coroneo
011,011,cortazar
011,012,cueramaro
011,013,doctor mora
011,014,dolores hidalgo cuna de la independencia nacional
011,015,guanajuato
011,016,huanimaro
011,017,irapuato
011,018,jaral del progreso
011,019,jerecuaro
011,020,leon
011,021,moroleon
011,022,ocampo
011,023,penjamo
011,024,pueblo nuevo
011,025,purisima del rincon
011,026,romita
011,027,salamanca
011,028,salvatierra
011,029,san diego de la union
011,030,san felipe
011,031,san francisco del rincon
011,032,san jose iturbide
011,033,san luis de la paz
011,034,santa catarina
011,035,santa cruz de juventino rosas
011,036,santiago maravatio
011,037,silao de la victoria
011,038,tarandacuao
011,039,tarimoro
011,040,tierra blanca
011,041,uriangato
011,042,valle de santiago
011,043,victoria
011,044,villagran
011,045,xichu
011,046,yuriria
012,001,acapulco de juarez
012,002,ahuacuotzingo
012,003,ajuchitlan del progreso
012,004,alcozauca de guerrero
012,005,alpoyeca
012,006,apaxtla
012,007,arcelia
012,008,atenango del rio
012,009,atlamajalcingo del monte
012,010,atlixtac
012,011,atoyac de alvarez
012,012,ayutla de los libres
012,013,azoyu
012,014,benito juarez
012,015,buenavista de cuellar
012,016,coahuayutla de jose maria izazaga
012,017,cocula
012,018,copala
012,019,copalillo
012,020,copanatoyac
012,021,coyuca de benitez
012,022,coyuca de catalan
012,023,cuajinicuilapa
012,024,cualac
012,025,cuautepec
012,026,cuetzala del progreso
012,027,cutzamala de pinzon
012,028,chilapa de alvarez
012,029,chilpancingo de los bravo
012,030,florencio villarreal
012,031,general canuto a. neri
012,032,general heliodoro castillo
012,033,huamuxtitlan
012,034,huitzuco de los figueroa
012,035,iguala de la independencia
012,036,igualapa
012,037,ixcateopan de cuauhtemoc
012,038,zihuatanejo de azueta
012,039,juan r. escudero
012,040,leonardo bravo
012,041,malinaltepec
012,042,martir de cuilapan
012,043,metlatonoc
012,044,mochitlan
012,045,olinala
012,046,ometepec
012,047,pedro ascencio alquisiras
012,048,petatlan
012,049,pilcaya
012,050,pungarabato
012,051,quechultenango
012,052,san luis acatlan
012,053,san marcos
012,054,san miguel totolapan
012,055,taxco de alarcon
012,056,tecoanapa
012,057,tecpan de galeana
012,058,teloloapan
012,059,tepecoacuilco de trujano
012,060,tetipac
012,061,tixtla de guerrero
012,062,tlacoachistlahuaca
012,063,tlacoapa
012,064,tlalchapa
012,065,tlalixtaquilla de maldonado
012,066,tlapa de comonfort
012,067,tlapehuala
012,068,la union de isidoro montes de oca
012,069,xalpatlahuac
012,070,xochihuehuetlan
012,071,xochistlahuaca
012,072,zapotitlan tablas
012,073,zirandaro
012,074,zitlala
012,075,eduardo neri
012,076,acatepec
012,077,marquelia
012,078,cochoapa el grande
012,079,jose joaquin de herrera
012,080,juchitan
012,081,iliatenco
013,001,acatlan
013,002,acaxochitlan
013,003,actopan
013,004,agua blanca de iturbide
013,005,ajacuba
013,006,alfajayucan
013,007,almoloya
013,008,apan
013,009,el arenal
013,010,atitalaquia
013,011,atlapexco
013,012,atotonilco el grande
013,013,atotonilco de tula
013,014,calnali
013,015,cardonal
013,016,cuautepec de hinojosa
013,017,chapantongo
013,018,chapulhuacan
013,019,chilcuautla
013,020,eloxochitlan
013,021,emiliano zapata
013,022,epazoyucan
013,023,francisco i. madero
013,024,huasca de ocampo
013,025,huautla
013,026,huazalingo
013,027,huehuetla
013,028,huejutla de reyes
013,029,huichapan
013,030,ixmiquilpan
013,031,jacala de ledezma
013,032,jaltocan
013,033,juarez hidalgo
013,034,lolotla
013,035,metepec
013,036,san agustin metzquititlan
013,037,metztitlan
013,038,mineral del chico
013,039,mineral del monte
013,040,la mision
013,041,mixquiahuala de juarez
013,042,molango de escamilla
013,043,nicolas flores
013,044,nopala de villagran
013,045,omitlan de juarez
013,046,san felipe orizatlan
013,047,pacula
013,048,pachuca de soto
013,049,pisaflores
013,050,progreso de obregon
013,051,mineral de la reforma
013,052,san agustin tlaxiaca
013,053,san bartolo tutotepec
013,054,san salvador
013,055,santiago de anaya
013,056,santiago tulantepec de lugo guerrero
013,057,singuilucan
013,058,tasquillo
013,059,tecozautla
013,060,tenango de doria
013,061,tepeapulco
013,062,tepehuacan de guerrero
013,063,tepeji del rio de ocampo
013,064,tepetitlan
013,065,tetepango
013,066,villa de tezontepec
013,067,tezontepec de aldama
013,068,tianguistengo
013,069,tizayuca
013,070,tlahuelilpan
013,071,tlahuiltepa
013,072,tlanalapa
013,073,tlanchinol
013,074,tlaxcoapan
013,075,tolcayuca
013,076,tula de allende
013,077,tulancingo de bravo
013,078,xochiatipan
013,079,xochicoatlan
013,080,yahualica
013,081,zacualtipan de angeles
013,082,zapotlan de juarez
013,083,zempoala
013,084,zimapan
014,001,acatic
014,002,acatlan de juarez
014,003,ahualulco de mercado
014,004,amacueca
014,005,amatitan
014,006,ameca
014,007,san juanito de escobedo
014,008,arandas
014,009,el arenal
014,010,atemajac de brizuela
014,011,atengo
014,012,atenguillo
014,013,atotonilco el alto
014,014,atoyac
014,015,autlan de navarro
014,016,ayotlan
014,017,ayutla
014,018,la barca
014,019,bolaños
014,020,cabo corrientes
014,021,casimiro castillo
014,022,cihuatlan
014,023,zapotlan el grande
014,024,cocula
014,025,colotlan
014,026,concepcion de buenos aires
014,027,cuautitlan de garcia barragan
014,028,cuautla
014,029,cuquio
014,030,chapala
014,031,chimaltitan
014,032,chiquilistlan
014,033,degollado
014,034,ejutla
014,035,encarnacion de diaz
014,036,etzatlan
014,037,el grullo
014,038,guachinango
014,039,guadalajara
014,040,hostotipaquillo
014,041,huejucar
014,042,huejuquilla el alto
014,043,la huerta
014,044,ixtlahuacan de los membrillos
014,045,ixtlahuacan del rio
014,046,jalostotitlan
014,047,jamay
014,048,jesus maria
014,049,jilotlan de los dolores
014,050,jocotepec
014,051,juanacatlan
014,052,juchitlan
014,053,lagos de moreno
014,054,el limon
014,055,magdalena
014,056,santa maria del oro
014,057,la manzanilla de la paz
014,058,mascota
014,059,mazamitla
014,060,mexticacan
014,061,mezquitic
014,062,mixtlan
014,063,ocotlan
014,064,ojuelos de jalisco
014,065,pihuamo
014,066,poncitlan
014,067,puerto vallarta
014,068,villa purificacion
014,069,quitupan
014,070,el salto
014,071,san cristobal de la barranca
014,072,san diego de alejandria
014,073,san juan de los lagos
014,074,san julian
014,075,san marcos
014,076,san martin de bolaños
014,077,san martin hidalgo
014,078,san miguel el alto
014,079,gomez farias
014,080,san sebastian del oeste
014,081,santa maria de los angeles
014,082,sayula
014,083,tala
014,084,talpa de allende
014,085,tamazula de gordiano
014,086,tapalpa
014,087,tecalitlan
014,088,tecolotlan
014,089,techaluta de montenegro
014,090,tenamaxtlan
014,091,teocaltiche
014,092,teocuitatlan de corona
014,093,tepatitlan de morelos
014,094,tequila
014,095,teuchitlan
014,096,tizapan el alto
014,097,tlajomulco de zuñiga
014,098,san pedro tlaquepaque
014,099,toliman
014,100,tomatlan
014,101,tonala
014,102,tonaya
014,103,tonila
014,104,totatiche
014,105,tototlan
014,106,tuxcacuesco
014,107,tuxcueca
014,108,tuxpan
014,109,union de san antonio
014,110,union de tula
014,111,valle de guadalupe
014,112,valle de juarez
014,113,san gabriel
014,114,villa corona
014,115,villa guerrero
014,116,villa hidalgo
014,117,cañadas de obregon
014,118,yahualica de gonzalez gallo
014,119,zacoalco de torres
014,120,zapopan
014,121,zapotiltic
014,122,zapotitlan de vadillo
014,123,zapotlan del rey
014,124,zapotlanejo
014,125,san ignacio cerro gordo
015,001,acambay de ruiz castañeda
015,002,acolman
015,003,aculco
015,004,almoloya de alquisiras
015,005,almoloya de juarez
015,006,almoloya del rio
015,007,amanalco
015,008,amatepec
015,009,amecameca
015,010,apaxco
015,011,atenco
015,012,atizapan
015,013,atizapan de zaragoza
015,014,atlacomulco
015,015,atlautla
015,016,axapusco
015,017,ayapango
015,018,calimaya
015,019,capulhuac
015,020,coacalco de berriozabal
015,021,coatepec harinas
015,022,cocotitlan
015,023,coyotepec
015,024,cuautitlan
015,025,chalco
015,026,chapa de mota
015,027,chapultepec
015,028,chiautla
015,029,chicoloapan
015,030,chiconcuac
015,031,chimalhuacan
015,032,donato guerra
015,033,ecatepec de morelos
015,034,ecatzingo
015,035,huehuetoca
015,036,hueypoxtla
015,037,huixquilucan
015,038,isidro fabela
015,039,ixtapaluca
015,040,ixtapan de la sal
015,041,ixtapan del oro
015,042,ixtlahuaca
015,043,xalatlaco
015,044,jaltenco
015,045,jilotepec
015,046,jilotzingo
015,047,jiquipilco
015,048,jocotitlan
015,049,joquicingo
015,050,juchitepec
015,051,lerma
015,052,malinalco
015,053,melchor ocampo
015,054,metepec
015,055,mexicaltzingo
015,056,morelos
015,057,naucalpan de juarez
015,058,nezahualcoyotl
015,059,nextlalpan
015,060,nicolas romero
015,061,nopaltepec
015,062,ocoyoacac
015,063,ocuilan
015,064,el oro
015,065,otumba
015,066,otzoloapan
015,067,otzolotepec
015,068,ozumba
015,069,papalotla
015,070,la paz
015,071,polotitlan
015,072,rayon
015,073,san antonio la isla
015,074,san felipe del progreso
015,075,san martin de las piramides
015,076,san mateo atenco
015,077,san simon de guerrero
015,078,santo tomas
015,079,soyaniquilpan de juarez
015,080,sultepec
015,081,tecamac
015,082,tejupilco
015,083,temamatla
015,084,temascalapa
015,085,temascalcingo
015,086,temascaltepec
015,087,temoaya
015,088,tenancingo
015,089,tenango del aire
015,090,tenango del valle
015,091,teoloyucan
015,092,teotihuacan
015,093,tepetlaoxtoc
015,094,tepetlixpa
015,095,tepotzotlan
015,096,tequixquiac
015,097,texcaltitlan
015,098,texcalyacac
015,099,texcoco
015,100,tezoyuca
015,101,tianguistenco
015,102,timilpan
015,103,tlalmanalco
015,104,tlalnepantla de baz
015,105,tlatlaya
015,106,toluca
015,107,tonatico
015,108,tultepec
015,109,tultitlan
015,110,valle de bravo
015,111,villa de allende
015,112,villa del carbon
015,113,villa guerrero
015,114,villa victoria
015,115,xonacatlan
015,116,zacazonapan
015,117,zacualpan
015,118,zinacantepec
015,119,zumpahuacan
015,120,zumpango
015,121,cuautitlan izcalli
015,122,valle de chalco solidaridad
015,123,luvianos
015,124,san jose del rincon
015,125,tonanitla
016,001,acuitzio
016,002,aguililla
016,003,alvaro obregon
016,004,angamacutiro
016,005,angangueo
016,006,apatzingan
016,007,aporo
016,008,aquila
016,009,ario
016,010,arteaga
016,011,briseñas
016,012,buenavista
016,013,caracuaro
016,014,coahuayana
016,015,coalcoman de vazquez pallares
016,016,coeneo
016,017,contepec
016,018,copandaro
016,019,cotija
016,020,cuitzeo
016,021,charapan
016,022,charo
016,023,chavinda
016,024,cheran
016,025,chilchota
016,026,chinicuila
016,027,chucandiro
016,028,churintzio
016,029,churumuco
016,030,ecuandureo
016,031,epitacio huerta
016,032,erongaricuaro
016,033,gabriel zamora
016,034,hidalgo
016,035,la huacana
016,036,huandacareo
016,037,huaniqueo
016,038,huetamo
016,039,huiramba
016,040,indaparapeo
016,041,irimbo
016,042,ixtlan
016,043,jacona
016,044,jimenez
016,045,jiquilpan
016,046,juarez
016,047,jungapeo
016,048,lagunillas
016,049,madero
016,050,maravatio
016,051,marcos castellanos
016,052,lazaro cardenas
016,053,morelia
016,054,morelos
016,055,mugica
016,056,nahuatzen
016,057,nocupetaro
016,058,nuevo parangaricutiro
016,059,nuevo urecho
016,060,numaran
016,061,ocampo
016,062,pajacuaran
016,063,panindicuaro
016,064,paracuaro
016,065,paracho
016,066,patzcuaro
016,067,penjamillo
016,068,periban
016,069,la piedad
016,070,purepero
016,071,puruandiro
016,072,querendaro
016,073,quiroga
016,074,cojumatlan de regules
016,075,los reyes
016,076,sahuayo
016,077,san lucas
016,078,santa ana maya
016,079,salvador escalante
016,080,senguio
016,081,susupuato
016,082,tacambaro
016,083,tancitaro
016,084,tangamandapio
016,085,tangancicuaro
016,086,tanhuato
016,087,taretan
016,088,tarimbaro
016,089,tepalcatepec
016,090,tingambato
016,091,tingüindin
016,092,tiquicheo de nicolas romero
016,093,tlalpujahua
016,094,tlazazalca
016,095,tocumbo
016,096,tumbiscatio
016,097,turicato
016,098,tuxpan
016,099,tuzantla
016,100,tzintzuntzan
016,101,tzitzio
016,102,uruapan
016,103,venustiano carranza
016,104,villamar
016,105,vista hermosa
016,106,yurecuaro
016,107,zacapu
016,108,zamora
016,109,zinaparo
016,110,zinapecuaro
016,111,ziracuaretiro
016,112,zitacuaro
016,113,jose sixto verduzco
017,001,amacuzac
017,002,atlatlahucan
017,003,axochiapan
017,004,ayala
017,005,coatlan del rio
017,006,cuautla
017,007,cuernavaca
017,008,emiliano zapata
017,009,huitzilac
017,010,jantetelco
017,011,jiutepec
017,012,jojutla
017,013,jonacatepec de leandro valle
017,014,mazatepec
017,015,miacatlan
017,016,ocuituco
017,017,puente de ixtla
017,018,temixco
017,019,tepalcingo
017,020,tepoztlan
017,021,tetecala
017,022,tetela del volcan
017,023,tlalnepantla
017,024,tlaltizapan de zapata
017,025,tlaquiltenango
017,026,tlayacapan
017,027,totolapan
017,028,xochitepec
017,029,yautepec
017,030,yecapixtla
017,031,zacatepec
017,032,zacualpan de amilpas
017,033,temoac
017,034,coatetelco
017,035,xoxocotla
017,036,hueyapan
018,001,acaponeta
018,002,ahuacatlan
018,003,amatlan de cañas
018,004,compostela
018,005,huajicori
018,006,ixtlan del rio
018,007,jala
018,008,xalisco
018,009,del nayar
018,010,rosamorada
018,011,ruiz
018,012,san blas
018,013,san pedro lagunillas
018,014,santa maria del oro
018,015,santiago ixcuintla
018,016,tecuala
018,017,tepic
018,018,tuxpan
018,019,la yesca
018,020,bahia de banderas
019,001,abasolo
019,002,agualeguas
019,003,los aldamas
019,004,allende
019,005,anahuac
019,006,apodaca
019,007,aramberri
019,008,bustamante
019,009,cadereyta jimenez
019,010,el carmen
019,011,cerralvo
019,012,cienega de flores
019,013,china
019,014,doctor arroyo
019,015,doctor coss
019,016,doctor gonzalez
019,017,galeana
019,018,garcia
019,019,san pedro garza garcia
019,020,general bravo
019,021,general escobedo
019,022,general teran
019,023,general treviño
019,024,general zaragoza
019,025,general zuazua
019,026,guadalupe
019,027,los herreras
019,028,higueras
019,029,hualahuises
019,030,iturbide
019,031,juarez
019,032,lampazos de naranjo
019,033,linares
019,034,marin
019,035,melchor ocampo
019,036,mier y noriega
019,037,mina
019,038,montemorelos
019,039,monterrey
019,040,paras
019,041,pesqueria
019,042,los ramones
019,043,rayones
019,044,sabinas hidalgo
019,045,salinas victoria
019,046,san nicolas de los garza
019,047,hidalgo
019,048,santa catarina
019,049,santiago
019,050,vallecillo
019,051,villaldama
020,001,abejones
020,002,acatlan de perez figueroa
020,003,asuncion cacalotepec
020,004,asuncion cuyotepeji
020,005,asuncion ixtaltepec
020,006,asuncion nochixtlan
020,007,asuncion ocotlan
020,008,asuncion tlacolulita
020,009,ayotzintepec
020,010,el barrio de la soledad
020,011,calihuala
020,012,candelaria loxicha
020,013,cienega de zimatlan
020,014,ciudad ixtepec
020,015,coatecas altas
020,016,coicoyan de las flores
020,017,la compañia
020,018,concepcion buenavista
020,019,concepcion papalo
020,020,constancia del rosario
020,021,cosolapa
020,022,cosoltepec
020,023,cuilapam de guerrero
020,024,cuyamecalco villa de zaragoza
020,025,chahuites
020,026,chalcatongo de hidalgo
020,027,chiquihuitlan de benito juarez
020,028,heroica ciudad de ejutla de crespo
020,029,eloxochitlan de flores magon
020,030,el espinal
020,031,tamazulapam del espiritu santo
020,032,fresnillo de trujano
020,033,guadalupe etla
020,034,guadalupe de ramirez
020,035,guelatao de juarez
020,036,guevea de humboldt
020,037,mesones hidalgo
020,038,villa hidalgo
020,039,heroica ciudad de huajuapan de leon
020,040,huautepec
020,041,huautla de jimenez
020,042,ixtlan de juarez
020,043,juchitan de zaragoza
020,044,loma bonita
020,045,magdalena apasco
020,046,magdalena jaltepec
020,047,santa magdalena jicotlan
020,048,magdalena mixtepec
020,049,magdalena ocotlan
020,050,magdalena peñasco
020,051,magdalena teitipac
020,052,magdalena tequisistlan
020,053,magdalena tlacotepec
020,054,magdalena zahuatlan
020,055,mariscala de juarez
020,056,martires de tacubaya
020,057,matias romero avendaño
020,058,mazatlan villa de flores
020,059,miahuatlan de porfirio diaz
020,060,mixistlan de la reforma
020,061,monjas
020,062,natividad
020,063,nazareno etla
020,064,nejapa de madero
020,065,ixpantepec nieves
020,066,santiago niltepec
020,067,oaxaca de juarez
020,068,ocotlan de morelos
020,069,la pe
020,070,pinotepa de don luis
020,071,pluma hidalgo
020,072,san jose del progreso
020,073,putla villa de guerrero
020,074,santa catarina quioquitani
020,075,reforma de pineda
020,076,la reforma
020,077,reyes etla
020,078,rojas de cuauhtemoc
020,079,salina cruz
020,080,san agustin amatengo
020,081,san agustin atenango
020,082,san agustin chayuco
020,083,san agustin de las juntas
020,084,san agustin etla
020,085,san agustin loxicha
020,086,san agustin tlacotepec
020,087,san agustin yatareni
020,088,san andres cabecera nueva
020,089,san andres dinicuiti
020,090,san andres huaxpaltepec
020,091,san andres huayapam
020,092,san andres ixtlahuaca
020,093,san andres lagunas
020,094,san andres nuxiño
020,095,san andres paxtlan
020,096,san andres sinaxtla
020,097,san andres solaga
020,098,san andres teotilalpam
020,099,san andres tepetlapa
020,100,san andres yaa
020,101,san andres zabache
020,102,san andres zautla
020,103,san antonino castillo velasco
020,104,san antonino el alto
020,105,san antonino monte verde
020,106,san antonio acutla
020,107,san antonio de la cal
020,108,san antonio huitepec
020,109,san antonio nanahuatipam
020,110,san antonio sinicahua
020,111,san antonio tepetlapa
020,112,san baltazar chichicapam
020,113,san baltazar loxicha
020,114,san baltazar yatzachi el bajo
020,115,san bartolo coyotepec
020,116,san bartolome ayautla
020,117,san bartolome loxicha
020,118,san bartolome quialana
020,119,san bartolome yucuañe
020,120,san bartolome zoogocho
020,121,san bartolo soyaltepec
020,122,san bartolo yautepec
020,123,san bernardo mixtepec
020,124,san blas atempa
020,125,san carlos yautepec
020,126,san cristobal amatlan
020,127,san cristobal amoltepec
020,128,san cristobal lachirioag
020,129,san cristobal suchixtlahuaca
020,130,san dionisio del mar
020,131,san dionisio ocotepec
020,132,san dionisio ocotlan
020,133,san esteban atatlahuca
020,134,san felipe jalapa de diaz
020,135,san felipe tejalapam
020,136,san felipe usila
020,137,san francisco cahuacua
020,138,san francisco cajonos
020,139,san francisco chapulapa
020,140,san francisco chindua
020,141,san francisco del mar
020,142,san francisco huehuetlan
020,143,san francisco ixhuatan
020,144,san francisco jaltepetongo
020,145,san francisco lachigolo
020,146,san francisco logueche
020,147,san francisco nuxaño
020,148,san francisco ozolotepec
020,149,san francisco sola
020,150,san francisco telixtlahuaca
020,151,san francisco teopan
020,152,san francisco tlapancingo
020,153,san gabriel mixtepec
020,154,san ildefonso amatlan
020,155,san ildefonso sola
020,156,san ildefonso villa alta
020,157,san jacinto amilpas
020,158,san jacinto tlacotepec
020,159,san jeronimo coatlan
020,160,san jeronimo silacayoapilla
020,161,san jeronimo sosola
020,162,san jeronimo taviche
020,163,san jeronimo tecoatl
020,164,san jorge nuchita
020,165,san jose ayuquila
020,166,san jose chiltepec
020,167,san jose del peñasco
020,168,san jose estancia grande
020,169,san jose independencia
020,170,san jose lachiguiri
020,171,san jose tenango
020,172,san juan achiutla
020,173,san juan atepec
020,174,animas trujano
020,175,san juan bautista atatlahuca
020,176,san juan bautista coixtlahuaca
020,177,san juan bautista cuicatlan
020,178,san juan bautista guelache
020,179,san juan bautista jayacatlan
020,180,san juan bautista lo de soto
020,181,san juan bautista suchitepec
020,182,san juan bautista tlacoatzintepec
020,183,san juan bautista tlachichilco
020,184,san juan bautista tuxtepec
020,185,san juan cacahuatepec
020,186,san juan cieneguilla
020,187,san juan coatzospam
020,188,san juan colorado
020,189,san juan comaltepec
020,190,san juan cotzocon
020,191,san juan chicomezuchil
020,192,san juan chilateca
020,193,san juan del estado
020,194,san juan del rio
020,195,san juan diuxi
020,196,san juan evangelista analco
020,197,san juan guelavia
020,198,san juan guichicovi
020,199,san juan ihualtepec
020,200,san juan juquila mixes
020,201,san juan juquila vijanos
020,202,san juan lachao
020,203,san juan lachigalla
020,204,san juan lajarcia
020,205,san juan lalana
020,206,san juan de los cues
020,207,san juan mazatlan
020,208,san juan mixtepec
020,209,san juan mixtepec
020,210,san juan ñumi
020,211,san juan ozolotepec
020,212,san juan petlapa
020,213,san juan quiahije
020,214,san juan quiotepec
020,215,san juan sayultepec
020,216,san juan tabaa
020,217,san juan tamazola
020,218,san juan teita
020,219,san juan teitipac
020,220,san juan tepeuxila
020,221,san juan teposcolula
020,222,san juan yaee
020,223,san juan yatzona
020,224,san juan yucuita
020,225,san lorenzo
020,226,san lorenzo albarradas
020,227,san lorenzo cacaotepec
020,228,san lorenzo cuaunecuiltitla
020,229,san lorenzo texmelucan
020,230,san lorenzo victoria
020,231,san lucas camotlan
020,232,san lucas ojitlan
020,233,san lucas quiavini
020,234,san lucas zoquiapam
020,235,san luis amatlan
020,236,san marcial ozolotepec
020,237,san marcos arteaga
020,238,san martin de los cansecos
020,239,san martin huamelulpam
020,240,san martin itunyoso
020,241,san martin lachila
020,242,san martin peras
020,243,san martin tilcajete
020,244,san martin toxpalan
020,245,san martin zacatepec
020,246,san mateo cajonos
020,247,capulalpam de mendez
020,248,san mateo del mar
020,249,san mateo yoloxochitlan
020,250,san mateo etlatongo
020,251,san mateo nejapam
020,252,san mateo peñasco
020,253,san mateo piñas
020,254,san mateo rio hondo
020,255,san mateo sindihui
020,256,san mateo tlapiltepec
020,257,san melchor betaza
020,258,san miguel achiutla
020,259,san miguel ahuehuetitlan
020,260,san miguel aloapam
020,261,san miguel amatitlan
020,262,san miguel amatlan
020,263,san miguel coatlan
020,264,san miguel chicahua
020,265,san miguel chimalapa
020,266,san miguel del puerto
020,267,san miguel del rio
020,268,san miguel ejutla
020,269,san miguel el grande
020,270,san miguel huautla
020,271,san miguel mixtepec
020,272,san miguel panixtlahuaca
020,273,san miguel peras
020,274,san miguel piedras
020,275,san miguel quetzaltepec
020,276,san miguel santa flor
020,277,villa sola de vega
020,278,san miguel soyaltepec
020,279,san miguel suchixtepec
020,280,villa talea de castro
020,281,san miguel tecomatlan
020,282,san miguel tenango
020,283,san miguel tequixtepec
020,284,san miguel tilquiapam
020,285,san miguel tlacamama
020,286,san miguel tlacotepec
020,287,san miguel tulancingo
020,288,san miguel yotao
020,289,san nicolas
020,290,san nicolas hidalgo
020,291,san pablo coatlan
020,292,san pablo cuatro venados
020,293,san pablo etla
020,294,san pablo huitzo
020,295,san pablo huixtepec
020,296,san pablo macuiltianguis
020,297,san pablo tijaltepec
020,298,san pablo villa de mitla
020,299,san pablo yaganiza
020,300,san pedro amuzgos
020,301,san pedro apostol
020,302,san pedro atoyac
020,303,san pedro cajonos
020,304,san pedro coxcaltepec cantaros
020,305,san pedro comitancillo
020,306,san pedro el alto
020,307,san pedro huamelula
020,308,san pedro huilotepec
020,309,san pedro ixcatlan
020,310,san pedro ixtlahuaca
020,311,san pedro jaltepetongo
020,312,san pedro jicayan
020,313,san pedro jocotipac
020,314,san pedro juchatengo
020,315,san pedro martir
020,316,san pedro martir quiechapa
020,317,san pedro martir yucuxaco
020,318,san pedro mixtepec
020,319,san pedro mixtepec
020,320,san pedro molinos
020,321,san pedro nopala
020,322,san pedro ocopetatillo
020,323,san pedro ocotepec
020,324,san pedro pochutla
020,325,san pedro quiatoni
020,326,san pedro sochiapam
020,327,san pedro tapanatepec
020,328,san pedro taviche
020,329,san pedro teozacoalco
020,330,san pedro teutila
020,331,san pedro tidaa
020,332,san pedro topiltepec
020,333,san pedro totolapam
020,334,villa de tututepec
020,335,san pedro yaneri
020,336,san pedro yolox
020,337,san pedro y san pablo ayutla
020,338,villa de etla
020,339,san pedro y san pablo teposcolula
020,340,san pedro y san pablo tequixtepec
020,341,san pedro yucunama
020,342,san raymundo jalpan
020,343,san sebastian abasolo
020,344,san sebastian coatlan
020,345,san sebastian ixcapa
020,346,san sebastian nicananduta
020,347,san sebastian rio hondo
020,348,san sebastian tecomaxtlahuaca
020,349,san sebastian teitipac
020,350,san sebastian tutla
020,351,san simon almolongas
020,352,san simon zahuatlan
020,353,santa ana
020,354,santa ana ateixtlahuaca
020,355,santa ana cuauhtemoc
020,356,santa ana del valle
020,357,santa ana tavela
020,358,santa ana tlapacoyan
020,359,santa ana yareni
020,360,santa ana zegache
020,361,santa catalina quieri
020,362,santa catarina cuixtla
020,363,santa catarina ixtepeji
020,364,santa catarina juquila
020,365,santa catarina lachatao
020,366,santa catarina loxicha
020,367,santa catarina mechoacan
020,368,santa catarina minas
020,369,santa catarina quiane
020,370,santa catarina tayata
020,371,santa catarina ticua
020,372,santa catarina yosonotu
020,373,santa catarina zapoquila
020,374,santa cruz acatepec
020,375,santa cruz amilpas
020,376,santa cruz de bravo
020,377,santa cruz itundujia
020,378,santa cruz mixtepec
020,379,santa cruz nundaco
020,380,santa cruz papalutla
020,381,santa cruz tacache de mina
020,382,santa cruz tacahua
020,383,santa cruz tayata
020,384,santa cruz xitla
020,385,santa cruz xoxocotlan
020,386,santa cruz zenzontepec
020,387,santa gertrudis
020,388,santa ines del monte
020,389,santa ines yatzeche
020,390,santa lucia del camino
020,391,santa lucia miahuatlan
020,392,santa lucia monteverde
020,393,santa lucia ocotlan
020,394,santa maria alotepec
020,395,santa maria apazco
020,396,santa maria la asuncion
020,397,heroica ciudad de tlaxiaco
020,398,ayoquezco de aldama
020,399,santa maria atzompa
020,400,santa maria camotlan
020,401,santa maria colotepec
020,402,santa maria cortijo
020,403,santa maria coyotepec
020,404,santa maria chachoapam
020,405,villa de chilapa de diaz
020,406,santa maria chilchotla
020,407,santa maria chimalapa
020,408,santa maria del rosario
020,409,santa maria del tule
020,410,santa maria ecatepec
020,411,santa maria guelace
020,412,santa maria guienagati
020,413,santa maria huatulco
020,414,santa maria huazolotitlan
020,415,santa maria ipalapa
020,416,santa maria ixcatlan
020,417,santa maria jacatepec
020,418,santa maria jalapa del marques
020,419,santa maria jaltianguis
020,420,santa maria lachixio
020,421,santa maria mixtequilla
020,422,santa maria nativitas
020,423,santa maria nduayaco
020,424,santa maria ozolotepec
020,425,santa maria papalo
020,426,santa maria peñoles
020,427,santa maria petapa
020,428,santa maria quiegolani
020,429,santa maria sola
020,430,santa maria tataltepec
020,431,santa maria tecomavaca
020,432,santa maria temaxcalapa
020,433,santa maria temaxcaltepec
020,434,santa maria teopoxco
020,435,santa maria tepantlali
020,436,santa maria texcatitlan
020,437,santa maria tlahuitoltepec
020,438,santa maria tlalixtac
020,439,santa maria tonameca
020,440,santa maria totolapilla
020,441,santa maria xadani
020,442,santa maria yalina
020,443,santa maria yavesia
020,444,santa maria yolotepec
020,445,santa maria yosoyua
020,446,santa maria yucuhiti
020,447,santa maria zacatepec
020,448,santa maria zaniza
020,449,santa maria zoquitlan
020,450,santiago amoltepec
020,451,santiago apoala
020,452,santiago apostol
020,453,santiago astata
020,454,santiago atitlan
020,455,santiago ayuquililla
020,456,santiago cacaloxtepec
020,457,santiago camotlan
020,458,santiago comaltepec
020,459,villa de santiago chazumba
020,460,santiago choapam
020,461,santiago del rio
020,462,santiago huajolotitlan
020,463,santiago huauclilla
020,464,santiago ihuitlan plumas
020,465,santiago ixcuintepec
020,466,santiago ixtayutla
020,467,santiago jamiltepec
020,468,santiago jocotepec
020,469,santiago juxtlahuaca
020,470,santiago lachiguiri
020,471,santiago lalopa
020,472,santiago laollaga
020,473,santiago laxopa
020,474,santiago llano grande
020,475,santiago matatlan
020,476,santiago miltepec
020,477,santiago minas
020,478,santiago nacaltepec
020,479,santiago nejapilla
020,480,santiago nundiche
020,481,santiago nuyoo
020,482,santiago pinotepa nacional
020,483,santiago suchilquitongo
020,484,santiago tamazola
020,485,santiago tapextla
020,486,villa tejupam de la union
020,487,santiago tenango
020,488,santiago tepetlapa
020,489,santiago tetepec
020,490,santiago texcalcingo
020,491,santiago textitlan
020,492,santiago tilantongo
020,493,santiago tillo
020,494,santiago tlazoyaltepec
020,495,santiago xanica
020,496,santiago xiacui
020,497,santiago yaitepec
020,498,santiago yaveo
020,499,santiago yolomecatl
020,500,santiago yosondua
020,501,santiago yucuyachi
020,502,santiago zacatepec
020,503,santiago zoochila
020,504,nuevo zoquiapam
020,505,santo domingo ingenio
020,506,santo domingo albarradas
020,507,santo domingo armenta
020,508,santo domingo chihuitan
020,509,santo domingo de morelos
020,510,santo domingo ixcatlan
020,511,santo domingo nuxaa
020,512,santo domingo ozolotepec
020,513,santo domingo petapa
020,514,santo domingo roayaga
020,515,santo domingo tehuantepec
020,516,santo domingo teojomulco
020,517,santo domingo tepuxtepec
020,518,santo domingo tlatayapam
020,519,santo domingo tomaltepec
020,520,santo domingo tonala
020,521,santo domingo tonaltepec
020,522,santo domingo xagacia
020,523,santo domingo yanhuitlan
020,524,santo domingo yodohino
020,525,santo domingo zanatepec
020,526,santos reyes nopala
020,527,santos reyes papalo
020,528,santos reyes tepejillo
020,529,santos reyes yucuna
020,530,santo tomas jalieza
020,531,santo tomas mazaltepec
020,532,santo tomas ocotepec
020,533,santo tomas tamazulapan
020,534,san vicente coatlan
020,535,san vicente lachixio
020,536,san vicente nuñu
020,537,silacayoapam
020,538,sitio de xitlapehua
020,539,soledad etla
020,540,villa de tamazulapam del progreso
020,541,tanetze de zaragoza
020,542,taniche
020,543,tataltepec de valdes
020,544,teococuilco de marcos perez
020,545,teotitlan de flores magon
020,546,teotitlan del valle
020,547,teotongo
020,548,tepelmeme villa de morelos
020,549,"heroica villa tezoatlan de segura y luna, cuna de la independencia de oaxaca"
020,550,san jeronimo tlacochahuaya
020,551,tlacolula de matamoros
020,552,tlacotepec plumas
020,553,tlalixtac de cabrera
020,554,totontepec villa de morelos
020,555,trinidad zaachila
020,556,la trinidad vista hermosa
020,557,union hidalgo
020,558,valerio trujano
020,559,san juan bautista valle nacional
020,560,villa diaz ordaz
020,561,yaxe
020,562,magdalena yodocono de porfirio diaz
020,563,yogana
020,564,yutanduchi de guerrero
020,565,villa de zaachila
020,566,san mateo yucutindoo
020,567,zapotitlan lagunas
020,568,zapotitlan palmas
020,569,santa ines de zaragoza
020,570,zimatlan de alvarez
021,001,acajete
021,002,acateno
021,003,acatlan
021,004,acatzingo
021,005,acteopan
021,006,ahuacatlan
021,007,ahuatlan
021,008,ahuazotepec
021,009,ahuehuetitla
021,010,ajalpan
021,011,albino zertuche
021,012,aljojuca
021,013,altepexi
021,014,amixtlan
021,015,amozoc
021,016,aquixtla
021,017,atempan
021,018,atexcal
021,019,atlixco
021,020,atoyatempan
021,021,atzala
021,022,atzitzihuacan
021,023,atzitzintla
021,024,axutla
021,025,ayotoxco de guerrero
021,026,calpan
021,027,caltepec
021,028,camocuautla
021,029,caxhuacan
021,030,coatepec
021,031,coatzingo
021,032,cohetzala
021,033,cohuecan
021,034,coronango
021,035,coxcatlan
021,036,coyomeapan
021,037,coyotepec
021,038,cuapiaxtla de madero
021,039,cuautempan
021,040,cuautinchan
021,041,cuautlancingo
021,042,cuayuca de andrade
021,043,cuetzalan del progreso
021,044,cuyoaco
021,045,chalchicomula de sesma
021,046,chapulco
021,047,chiautla
021,048,chiautzingo
021,049,chiconcuautla
021,050,chichiquila
021,051,chietla
021,052,chigmecatitlan
021,053,chignahuapan
021,054,chignautla
021,055,chila
021,056,chila de la sal
021,057,honey
021,058,chilchotla
021,059,chinantla
021,060,domingo arenas
021,061,eloxochitlan
021,062,epatlan
021,063,esperanza
021,064,francisco z. mena
021,065,general felipe angeles
021,066,guadalupe
021,067,guadalupe victoria
021,068,hermenegildo galeana
021,069,huaquechula
021,070,huatlatlauca
021,071,huauchinango
021,072,huehuetla
021,073,huehuetlan el chico
021,074,huejotzingo
021,075,hueyapan
021,076,hueytamalco
021,077,hueytlalpan
021,078,huitzilan de serdan
021,079,huitziltepec
021,080,atlequizayan
021,081,ixcamilpa de guerrero
021,082,ixcaquixtla
021,083,ixtacamaxtitlan
021,084,ixtepec
021,085,izucar de matamoros
021,086,jalpan
021,087,jolalpan
021,088,jonotla
021,089,jopala
021,090,juan c. bonilla
021,091,juan galindo
021,092,juan n. mendez
021,093,lafragua
021,094,libres
021,095,la magdalena tlatlauquitepec
021,096,mazapiltepec de juarez
021,097,mixtla
021,098,molcaxac
021,099,cañada morelos
021,100,naupan
021,101,nauzontla
021,102,nealtican
021,103,nicolas bravo
021,104,nopalucan
021,105,ocotepec
021,106,ocoyucan
021,107,olintla
021,108,oriental
021,109,pahuatlan
021,110,palmar de bravo
021,111,pantepec
021,112,petlalcingo
021,113,piaxtla
021,114,puebla
021,115,quecholac
021,116,quimixtlan
021,117,rafael lara grajales
021,118,los reyes de juarez
021,119,san andres cholula
021,120,san antonio cañada
021,121,san diego la mesa tochimiltzingo
021,122,san felipe teotlalcingo
021,123,san felipe tepatlan
021,124,san gabriel chilac
021,125,san gregorio atzompa
021,126,san jeronimo tecuanipan
021,127,san jeronimo xayacatlan
021,128,san jose chiapa
021,129,san jose miahuatlan
021,130,san juan atenco
021,131,san juan atzompa
021,132,san martin texmelucan
021,133,san martin totoltepec
021,134,san matias tlalancaleca
021,135,san miguel ixitlan
021,136,san miguel xoxtla
021,137,san nicolas buenos aires
021,138,san nicolas de los ranchos
021,139,san pablo anicano
021,140,san pedro cholula
021,141,san pedro yeloixtlahuaca
021,142,san salvador el seco
021,143,san salvador el verde
021,144,san salvador huixcolotla
021,145,san sebastian tlacotepec
021,146,santa catarina tlaltempan
021,147,santa ines ahuatempan
021,148,santa isabel cholula
021,149,santiago miahuatlan
021,150,huehuetlan el grande
021,151,santo tomas hueyotlipan
021,152,soltepec
021,153,tecali de herrera
021,154,tecamachalco
021,155,tecomatlan
021,156,tehuacan
021,157,tehuitzingo
021,158,tenampulco
021,159,teopantlan
021,160,teotlalco
021,161,tepanco de lopez
021,162,tepango de rodriguez
021,163,tepatlaxco de hidalgo
021,164,tepeaca
021,165,tepemaxalco
021,166,tepeojuma
021,167,tepetzintla
021,168,tepexco
021,169,tepexi de rodriguez
021,170,tepeyahualco
021,171,tepeyahualco de cuauhtemoc
021,172,tetela de ocampo
021,173,teteles de avila castillo
021,174,teziutlan
021,175,tianguismanalco
021,176,tilapa
021,177,tlacotepec de benito juarez
021,178,tlacuilotepec
021,179,tlachichuca
021,180,tlahuapan
021,181,tlaltenango
021,182,tlanepantla
021,183,tlaola
021,184,tlapacoya
021,185,tlapanala
021,186,tlatlauquitepec
021,187,tlaxco
021,188,tochimilco
021,189,tochtepec
021,190,totoltepec de guerrero
021,191,tulcingo
021,192,tuzamapan de galeana
021,193,tzicatlacoyan
021,194,venustiano carranza
021,195,vicente guerrero
021,196,xayacatlan de bravo
021,197,xicotepec
021,198,xicotlan
021,199,xiutetelco
021,200,xochiapulco
021,201,xochiltepec
021,202,xochitlan de vicente suarez
021,203,xochitlan todos santos
021,204,yaonahuac
021,205,yehualtepec
021,206,zacapala
021,207,zacapoaxtla
021,208,zacatlan
021,209,zapotitlan
021,210,zapotitlan de mendez
021,211,zaragoza
021,212,zautla
021,213,zihuateutla
021,214,zinacatepec
021,215,zongozotla
021,216,zoquiapan
021,217,zoquitlan
022,001,amealco de bonfil
022,002,pinal de amoles
022,003,arroyo seco
022,004,cadereyta de montes
022,005,colon
022,006,corregidora
022,007,ezequiel montes
022,008,huimilpan
022,009,jalpan de serra
022,010,landa de matamoros
022,011,el marques
022,012,pedro escobedo
022,013,peñamiller
022,014,queretaro
022,015,san joaquin
022,016,san juan del rio
022,017,tequisquiapan
022,018,toliman
023,001,cozumel
023,002,felipe carrillo puerto
023,003,isla mujeres
023,004,othon p. blanco
023,005,benito juarez
023,006,jose maria morelos
023,007,lazaro cardenas
023,008,solidaridad
023,009,tulum
023,010,bacalar
023,011,puerto morelos
024,001,ahualulco
024,002,alaquines
024,003,aquismon
024,004,armadillo de los infante
024,005,cardenas
024,006,catorce
024,007,cedral
024,008,cerritos
024,009,cerro de san pedro
024,010,ciudad del maiz
024,011,ciudad fernandez
024,012,tancanhuitz
024,013,ciudad valles
024,014,coxcatlan
024,015,charcas
024,016,ebano
024,017,guadalcazar
024,018,huehuetlan
024,019,lagunillas
024,020,matehuala
024,021,mexquitic de carmona
024,022,moctezuma
024,023,rayon
024,024,rioverde
024,025,salinas
024,026,san antonio
024,027,san ciro de acosta
024,028,san luis potosi
024,029,san martin chalchicuautla
024,030,san nicolas tolentino
024,031,santa catarina
024,032,santa maria del rio
024,033,santo domingo
024,034,san vicente tancuayalab
024,035,soledad de graciano sanchez
024,036,tamasopo
024,037,tamazunchale
024,038,tampacan
024,039,tampamolon corona
024,040,tamuin
024,041,tanlajas
024,042,tanquian de escobedo
024,043,tierra nueva
024,044,vanegas
024,045,venado
024,046,villa de arriaga
024,047,villa de guadalupe
024,048,villa de la paz
024,049,villa de ramos
024,050,villa de reyes
024,051,villa hidalgo
024,052,villa juarez
024,053,axtla de terrazas
024,054,xilitla
024,055,zaragoza
024,056,villa de arista
024,057,matlapa
024,058,el naranjo
025,001,ahome
025,002,angostura
025,003,badiraguato
025,004,concordia
025,005,cosala
025,006,culiacan
025,007,choix
025,008,elota
025,009,escuinapa
025,010,el fuerte
025,011,guasave
025,012,mazatlan
025,013,mocorito
025,014,rosario
025,015,salvador alvarado
025,016,san ignacio
025,017,sinaloa
025,018,navolato
026,001,aconchi
026,002,agua prieta
026,003,alamos
026,004,altar
026,005,arivechi
026,006,arizpe
026,007,atil
026,008,bacadehuachi
026,009,bacanora
026,010,bacerac
026,011,bacoachi
026,012,bacum
026,013,banamichi
026,014,baviacora
026,015,bavispe
026,016,benjamin hill
026,017,caborca
026,018,cajeme
026,019,cananea
026,020,carbo
026,021,la colorada
026,022,cucurpe
026,023,cumpas
026,024,divisaderos
026,025,empalme
026,026,etchojoa
026,027,fronteras
026,028,granados
026,029,guaymas
026,030,hermosillo
026,031,huachinera
026,032,huasabas
026,033,huatabampo
026,034,huepac
026,035,imuris
026,036,magdalena
026,037,mazatan
026,038,moctezuma
026,039,naco
026,040,nacori chico
026,041,nacozari de garcia
026,042,navojoa
026,043,nogales
026,044,onavas
026,045,opodepe
026,046,oquitoa
026,047,pitiquito
026,048,puerto peñasco
026,049,quiriego
026,050,rayon
026,051,rosario
026,052,sahuaripa
026,053,san felipe de jesus
026,054,san javier
026,055,san luis rio colorado
026,056,san miguel de horcasitas
026,057,san pedro de la cueva
026,058,santa ana
026,059,santa cruz
026,060,saric
026,061,soyopa
026,062,suaqui grande
026,063,tepache
026,064,trincheras
026,065,tubutama
026,066,ures
026,067,villa hidalgo
026,068,villa pesqueira
026,069,yecora
026,070,general plutarco elias calles
026,071,benito juarez
026,072,san ignacio rio muerto
027,001,balancan
027,002,cardenas
027,003,centla
027,004,centro
027,005,comalcalco
027,006,cunduacan
027,007,emiliano zapata
027,008,huimanguillo
027,009,jalapa
027,010,jalpa de mendez
027,011,jonuta
027,012,macuspana
027,013,nacajuca
027,014,paraiso
027,015,tacotalpa
027,016,teapa
027,017,tenosique
028,001,abasolo
028,002,aldama
028,003,altamira
028,004,antiguo morelos
028,005,burgos
028,006,bustamante
028,007,camargo
028,008,casas
028,009,ciudad madero
028,010,cruillas
028,011,gomez farias
028,012,gonzalez
028,013,güemez
028,014,guerrero
028,015,gustavo diaz ordaz
028,016,hidalgo
028,017,jaumave
028,018,jimenez
028,019,llera
028,020,mainero
028,021,el mante
028,022,matamoros
028,023,mendez
028,024,mier
028,025,miguel aleman
028,026,miquihuana
028,027,nuevo laredo
028,028,nuevo morelos
028,029,ocampo
028,030,padilla
028,031,palmillas
028,032,reynosa
028,033,rio bravo
028,034,san carlos
028,035,san fernando
028,036,san nicolas
028,037,soto la marina
028,038,tampico
028,039,tula
028,040,valle hermoso
028,041,victoria
028,042,villagran
028,043,xicotencatl
029,001,amaxac de guerrero
029,002,apetatitlan de antonio carvajal
029,003,atlangatepec
029,004,atltzayanca
029,005,apizaco
029,006,calpulalpan
029,007,el carmen tequexquitla
029,008,cuapiaxtla
029,009,cuaxomulco
029,010,chiautempan
029,011,muñoz de domingo arenas
029,012,españita
029,013,huamantla
029,014,hueyotlipan
029,015,ixtacuixtla de mariano matamoros
029,016,ixtenco
029,017,mazatecochco de jose maria morelos
029,018,contla de juan cuamatzi
029,019,tepetitla de lardizabal
029,020,sanctorum de lazaro cardenas
029,021,nanacamilpa de mariano arista
029,022,acuamanala de miguel hidalgo
029,023,nativitas
029,024,panotla
029,025,san pablo del monte
029,026,santa cruz tlaxcala
029,027,tenancingo
029,028,teolocholco
029,029,tepeyanco
029,030,terrenate
029,031,tetla de la solidaridad
029,032,tetlatlahuca
029,033,tlaxcala
029,034,tlaxco
029,035,tocatlan
029,036,totolac
029,037,ziltlaltepec de trinidad sanchez santos
029,038,tzompantepec
029,039,xaloztoc
029,040,xaltocan
029,041,papalotla de xicohtencatl
029,042,xicohtzinco
029,043,yauhquemehcan
029,044,zacatelco
029,045,benito juarez
029,046,emiliano zapata
029,047,lazaro cardenas
029,048,la magdalena tlaltelulco
029,049,san damian texoloc
029,050,san francisco tetlanohcan
029,051,san jeronimo zacualpan
029,052,san jose teacalco
029,053,san juan huactzinco
029,054,san lorenzo axocomanitla
029,055,san lucas tecopilco
029,056,santa ana nopalucan
029,057,santa apolonia teacalco
029,058,santa catarina ayometla
029,059,santa cruz quilehtla
029,060,santa isabel xiloxoxtla
030,001,acajete
030,002,acatlan
030,003,acayucan
030,004,actopan
030,005,acula
030,006,acultzingo
030,007,camaron de tejeda
030,008,alpatlahuac
030,009,alto lucero de gutierrez barrios
030,010,altotonga
030,011,alvarado
030,012,amatitlan
030,013,naranjos amatlan
030,014,amatlan de los reyes
030,015,angel r. cabada
030,016,la antigua
030,017,apazapan
030,018,aquila
030,019,astacinga
030,020,atlahuilco
030,021,atoyac
030,022,atzacan
030,023,atzalan
030,024,tlaltetela
030,025,ayahualulco
030,026,banderilla
030,027,benito juarez
030,028,boca del rio
030,029,calcahualco
030,030,camerino z. mendoza
030,031,carrillo puerto
030,032,catemaco
030,033,cazones de herrera
030,034,cerro azul
030,035,citlaltepetl
030,036,coacoatzintla
030,037,coahuitlan
030,038,coatepec
030,039,coatzacoalcos
030,040,coatzintla
030,041,coetzala
030,042,colipa
030,043,comapa
030,044,cordoba
030,045,cosamaloapan de carpio
030,046,cosautlan de carvajal
030,047,coscomatepec
030,048,cosoleacaque
030,049,cotaxtla
030,050,coxquihui
030,051,coyutla
030,052,cuichapa
030,053,cuitlahuac
030,054,chacaltianguis
030,055,chalma
030,056,chiconamel
030,057,chiconquiaco
030,058,chicontepec
030,059,chinameca
030,060,chinampa de gorostiza
030,061,las choapas
030,062,chocaman
030,063,chontla
030,064,chumatlan
030,065,emiliano zapata
030,066,espinal
030,067,filomeno mata
030,068,fortin
030,069,gutierrez zamora
030,070,hidalgotitlan
030,071,huatusco
030,072,huayacocotla
030,073,hueyapan de ocampo
030,074,huiloapan de cuauhtemoc
030,075,ignacio de la llave
030,076,ilamatlan
030,077,isla
030,078,ixcatepec
030,079,ixhuacan de los reyes
030,080,ixhuatlan del cafe
030,081,ixhuatlancillo
030,082,ixhuatlan del sureste
030,083,ixhuatlan de madero
030,084,ixmatlahuacan
030,085,ixtaczoquitlan
030,086,jalacingo
030,087,xalapa
030,088,jalcomulco
030,089,jaltipan
030,090,jamapa
030,091,jesus carranza
030,092,xico
030,093,jilotepec
030,094,juan rodriguez clara
030,095,juchique de ferrer
030,096,landero y coss
030,097,lerdo de tejada
030,098,magdalena
030,099,maltrata
030,100,manlio fabio altamirano
030,101,mariano escobedo
030,102,martinez de la torre
030,103,mecatlan
030,104,mecayapan
030,105,medellin de bravo
030,106,miahuatlan
030,107,las minas
030,108,minatitlan
030,109,misantla
030,110,mixtla de altamirano
030,111,moloacan
030,112,naolinco
030,113,naranjal
030,114,nautla
030,115,nogales
030,116,oluta
030,117,omealca
030,118,orizaba
030,119,otatitlan
030,120,oteapan
030,121,ozuluama de mascareñas
030,122,pajapan
030,123,panuco
030,124,papantla
030,125,paso del macho
030,126,paso de ovejas
030,127,la perla
030,128,perote
030,129,platon sanchez
030,130,playa vicente
030,131,poza rica de hidalgo
030,132,las vigas de ramirez
030,133,pueblo viejo
030,134,puente nacional
030,135,rafael delgado
030,136,rafael lucio
030,137,los reyes
030,138,rio blanco
030,139,saltabarranca
030,140,san andres tenejapan
030,141,san andres tuxtla
030,142,san juan evangelista
030,143,santiago tuxtla
030,144,sayula de aleman
030,145,soconusco
030,146,sochiapa
030,147,soledad atzompa
030,148,soledad de doblado
030,149,soteapan
030,150,tamalin
030,151,tamiahua
030,152,tampico alto
030,153,tancoco
030,154,tantima
030,155,tantoyuca
030,156,tatatila
030,157,castillo de teayo
030,158,tecolutla
030,159,tehuipango
030,160,alamo temapache
030,161,tempoal
030,162,tenampa
030,163,tenochtitlan
030,164,teocelo
030,165,tepatlaxco
030,166,tepetlan
030,167,tepetzintla
030,168,tequila
030,169,jose azueta
030,170,texcatepec
030,171,texhuacan
030,172,texistepec
030,173,tezonapa
030,174,tierra blanca
030,175,tihuatlan
030,176,tlacojalpan
030,177,tlacolulan
030,178,tlacotalpan
030,179,tlacotepec de mejia
030,180,tlachichilco
030,181,tlalixcoyan
030,182,tlalnelhuayocan
030,183,tlapacoyan
030,184,tlaquilpa
030,185,tlilapan
030,186,tomatlan
030,187,tonayan
030,188,totutla
030,189,tuxpan
030,190,tuxtilla
030,191,ursulo galvan
030,192,vega de alatorre
030,193,veracruz
030,194,villa aldama
030,195,xoxocotla
030,196,yanga
030,197,yecuatla
030,198,zacualpan
030,199,zaragoza
030,200,zentla
030,201,zongolica
030,202,zontecomatlan de lopez y fuentes
030,203,zozocolco de hidalgo
030,204,agua dulce
030,205,el higo
030,206,nanchital de lazaro cardenas del rio
030,207,tres valles
030,208,carlos a. carrillo
030,209,tatahuicapan de juarez
030,210,uxpanapa
030,211,san rafael
030,212,santiago sochiapan
031,001,abala
031,002,acanceh
031,003,akil
031,004,baca
031,005,bokoba
031,006,buctzotz
031,007,cacalchen
031,008,calotmul
031,009,cansahcab
031,010,cantamayec
031,011,celestun
031,012,cenotillo
031,013,conkal
031,014,cuncunul
031,015,cuzama
031,016,chacsinkin
031,017,chankom
031,018,chapab
031,019,chemax
031,020,chicxulub pueblo
031,021,chichimila
031,022,chikindzonot
031,023,chochola
031,024,chumayel
031,025,dzan
031,026,dzemul
031,027,dzidzantun
031,028,dzilam de bravo
031,029,dzilam gonzalez
031,030,dzitas
031,031,dzoncauich
031,032,espita
031,033,halacho
031,034,hocaba
031,035,hoctun
031,036,homun
031,037,huhi
031,038,hunucma
031,039,ixil
031,040,izamal
031,041,kanasin
031,042,kantunil
031,043,kaua
031,044,kinchil
031,045,kopoma
031,046,mama
031,047,mani
031,048,maxcanu
031,049,mayapan
031,050,merida
031,051,mococha
031,052,motul
031,053,muna
031,054,muxupip
031,055,opichen
031,056,oxkutzcab
031,057,panaba
031,058,peto
031,059,progreso
031,060,quintana roo
031,061,rio lagartos
031,062,sacalum
031,063,samahil
031,064,sanahcat
031,065,san felipe
031,066,santa elena
031,067,seye
031,068,sinanche
031,069,sotuta
031,070,sucila
031,071,sudzal
031,072,suma
031,073,tahdziu
031,074,tahmek
031,075,teabo
031,076,tecoh
031,077,tekal de venegas
031,078,tekanto
031,079,tekax
031,080,tekit
031,081,tekom
031,082,telchac pueblo
031,083,telchac puerto
031,084,temax
031,085,temozon
031,086,tepakan
031,087,tetiz
031,088,teya
031,089,ticul
031,090,timucuy
031,091,tinum
031,092,tixcacalcupul
031,093,tixkokob
031,094,tixmehuac
031,095,tixpehual
031,096,tizimin
031,097,tunkas
031,098,tzucacab
031,099,uayma
031,100,ucu
031,101,uman
031,102,valladolid
031,103,xocchel
031,104,yaxcaba
031,105,yaxkukul
031,106,yobain
032,001,apozol
032,002,apulco
032,003,atolinga
032,004,benito juarez
032,005,calera
032,006,cañitas de felipe pescador
032,007,concepcion del oro
032,008,cuauhtemoc
032,009,chalchihuites
032,010,fresnillo
032,011,trinidad garcia de la cadena
032,012,genaro codina
032,013,general enrique estrada
032,014,general francisco r. murguia
032,015,el plateado de joaquin amaro
032,016,general panfilo natera
032,017,guadalupe
032,018,huanusco
032,019,jalpa
032,020,jerez
032,021,jimenez del teul
032,022,juan aldama
032,023,juchipila
032,024,loreto
032,025,luis moya
032,026,mazapil
032,027,melchor ocampo
032,028,mezquital del oro
032,029,miguel auza
032,030,momax
032,031,monte escobedo
032,032,morelos
032,033,moyahua de estrada
032,034,nochistlan de mejia
032,035,noria de angeles
032,036,ojocaliente
032,037,panuco
032,038,pinos
032,039,rio grande
032,040,sain alto
032,041,el salvador
032,042,sombrerete
032,043,susticacan
032,044,tabasco
032,045,tepechitlan
032,046,tepetongo
032,047,teul de gonzalez ortega
032,048,tlaltenango de sanchez roman
032,049,valparaiso
032,050,vetagrande
032,051,villa de cos
032,052,villa garcia
032,053,villa gonzalez ortega
032,054,villa hidalgo
032,055,villanueva
032,056,zacatecas
032,057,trancoso
032,058,santa maria de la paz
800,800,mexico o ciudad de mexico
999,999,municipio no especificado
